id;name;address;style
1;microchip;Sausages infomediaries model;Shirt
2;Architect;calculate grey best-of-breed;Mount unleash
3;firewall visualize Checking Account;Arkansas Tasty Glens;Liaison SMTP
4;Accounts invoice frictionless;Ports efficient;Silver multi-state Heard Island and McDonald Islands
5;Books Square Devolved;Washington cross-media;Palladium
6;Shoes;turquoise Stand-alone service-desk;West Virginia
7;Avon Bypass Slovakia (Slovak Republic);Identity platforms scale;yellow deposit architecture
8;deposit;compress supply-chains;Function-based AI cross-platform
9;Bedfordshire Soft e-business;supply-chains;Gold Washington
10;architectures repurpose;payment Illinois;Chair Plastic
