id;name;date;address
1;upward-trending;2020-12-25T18:18:04;Bedfordshire
2;Mouse knowledge user;2020-12-26T16:54:12;approach redundant
3;Soap emulation;2020-12-25T18:12:46;Buckinghamshire Steel Fiji Dollar
4;invoice;2020-12-26T04:41:48;Designer PNG Reunion
5;pink Guinea-Bissau;2020-12-26T15:42:36;users
6;quantify Fantastic optical;2020-12-26T14:14:31;Quality
7;responsive overriding;2020-12-26T03:36:45;Pizza
8;Ball black;2020-12-25T21:26:54;Zambia pixel Operative
9;International;2020-12-26T16:55:13;sticky national
10;Savings Account bandwidth;2020-12-25T21:16:05;THX web services Village
