id;first_name;last_name;dob;address
1;Chelsey;Wyman;2020-12-25T22:08:32;Generic heuristic
2;Precious;Rau;2020-12-26T12:52:33;payment
3;Jessy;Ernser;2020-12-25T19:19:38;Concrete
4;Shania;Gutmann;2020-12-26T10:32:24;empower Auto Loan Account Music
5;Hayden;Walker;2020-12-25T19:06:31;Western Sahara
6;Nolan;Ledner;2020-12-26T05:03:12;alarm Licensed Rubber Bacon
7;Hyman;Lebsack;2020-12-26T14:00:48;Extended
8;Hazle;Rutherford;2020-12-26T01:49:37;Directives Direct online
9;Velda;DuBuque;2020-12-25T21:38:23;partnerships Progressive copying
10;Elouise;Bradtke;2020-12-26T01:34:11;Ergonomic California withdrawal
